timeStamp,elapsed,label,responseCode,responseMessage,threadName,dataType,success,failureMessage,bytes,sentBytes,grpThreads,allThreads,URL,Latency,IdleTime,Connect
1709097000034,1005,GET User,200,OK,Workload Config 1-2,text,true,,1308,280,2,2,https://thinking-tester-contact-list.herokuapp.com/users/login,1005,0,752
1709097000034,1051,GET User,200,OK,Workload Config 1-1,text,true,,1308,280,2,2,https://thinking-tester-contact-list.herokuapp.com/users/login,1051,0,797
1709097001039,251,POST User,200,OK,Workload Config 1-2,text,true,,1308,280,2,2,https://thinking-tester-contact-list.herokuapp.com/users/login,251,0,0
1709097001085,254,POST User,200,OK,Workload Config 1-1,text,true,,1308,280,2,2,https://thinking-tester-contact-list.herokuapp.com/users/login,254,0,0
1709097001291,976,GET User,200,OK,Workload Config 1-2,text,true,,1304,280,2,2,https://thinking-tester-contact-list.herokuapp.com/users/login,976,0,730
1709097001339,999,GET User,200,OK,Workload Config 1-1,text,true,,1304,280,2,2,https://thinking-tester-contact-list.herokuapp.com/users/login,999,0,747
1709097002267,247,POST User,200,OK,Workload Config 1-2,text,true,,1304,280,2,2,https://thinking-tester-contact-list.herokuapp.com/users/login,247,0,0
1709097002339,249,POST User,200,OK,Workload Config 1-1,text,true,,1304,280,2,2,https://thinking-tester-contact-list.herokuapp.com/users/login,249,0,0
1709097002514,1002,GET User,200,OK,Workload Config 1-2,text,true,,1312,280,2,2,https://thinking-tester-contact-list.herokuapp.com/users/login,1002,0,750
1709097002589,1016,GET User,200,OK,Workload Config 1-1,text,true,,1312,280,2,2,https://thinking-tester-contact-list.herokuapp.com/users/login,1016,0,762
1709097003516,252,POST User,200,OK,Workload Config 1-2,text,true,,1312,280,2,2,https://thinking-tester-contact-list.herokuapp.com/users/login,252,0,0
1709097003606,255,POST User,200,OK,Workload Config 1-1,text,true,,1312,280,2,2,https://thinking-tester-contact-list.herokuapp.com/users/login,255,0,0
1709097003768,1008,GET User,200,OK,Workload Config 1-2,text,true,,1304,280,2,2,https://thinking-tester-contact-list.herokuapp.com/users/login,1008,0,757
1709097003862,1009,GET User,200,OK,Workload Config 1-1,text,true,,1304,280,2,2,https://thinking-tester-contact-list.herokuapp.com/users/login,1009,0,756
1709097004776,252,POST User,200,OK,Workload Config 1-2,text,true,,1304,280,2,2,https://thinking-tester-contact-list.herokuapp.com/users/login,252,0,0
1709097004871,253,POST User,200,OK,Workload Config 1-1,text,true,,1304,280,2,2,https://thinking-tester-contact-list.herokuapp.com/users/login,253,0,0
1709097005028,1027,GET User,200,OK,Workload Config 1-2,text,true,,1304,280,2,2,https://thinking-tester-contact-list.herokuapp.com/users/login,1027,0,771
1709097005125,1040,GET User,200,OK,Workload Config 1-1,text,true,,1304,280,2,2,https://thinking-tester-contact-list.herokuapp.com/users/login,1040,0,779
1709097006056,257,POST User,200,OK,Workload Config 1-2,text,true,,1308,280,2,2,https://thinking-tester-contact-list.herokuapp.com/users/login,257,0,0
1709097006165,259,POST User,200,OK,Workload Config 1-1,text,true,,1308,280,2,2,https://thinking-tester-contact-list.herokuapp.com/users/login,259,0,0
1709097006313,1030,GET User,200,OK,Workload Config 1-2,text,true,,1308,280,2,2,https://thinking-tester-contact-list.herokuapp.com/users/login,1030,0,771
1709097006425,1001,GET User,200,OK,Workload Config 1-1,text,true,,1308,280,2,2,https://thinking-tester-contact-list.herokuapp.com/users/login,1001,0,749
1709097007343,258,POST User,200,OK,Workload Config 1-2,text,true,,1308,280,2,2,https://thinking-tester-contact-list.herokuapp.com/users/login,258,0,0
1709097007426,254,POST User,200,OK,Workload Config 1-1,text,true,,1308,280,2,2,https://thinking-tester-contact-list.herokuapp.com/users/login,254,0,0
1709097007602,996,GET User,200,OK,Workload Config 1-2,text,true,,1312,280,2,2,https://thinking-tester-contact-list.herokuapp.com/users/login,996,0,745
1709097007680,1016,GET User,200,OK,Workload Config 1-1,text,true,,1312,280,2,2,https://thinking-tester-contact-list.herokuapp.com/users/login,1016,0,760
1709097008598,250,POST User,200,OK,Workload Config 1-2,text,true,,1312,280,2,2,https://thinking-tester-contact-list.herokuapp.com/users/login,250,0,0
1709097008696,255,POST User,200,OK,Workload Config 1-1,text,true,,1312,280,2,2,https://thinking-tester-contact-list.herokuapp.com/users/login,255,0,0
1709097008848,1015,GET User,200,OK,Workload Config 1-2,text,true,,1312,280,2,2,https://thinking-tester-contact-list.herokuapp.com/users/login,1015,0,758
1709097008951,1033,GET User,200,OK,Workload Config 1-1,text,true,,1312,280,2,2,https://thinking-tester-contact-list.herokuapp.com/users/login,1033,0,775
1709097009863,255,POST User,200,OK,Workload Config 1-2,text,true,,1312,280,2,2,https://thinking-tester-contact-list.herokuapp.com/users/login,255,0,0
1709097009984,258,POST User,200,OK,Workload Config 1-1,text,true,,1312,280,2,2,https://thinking-tester-contact-list.herokuapp.com/users/login,258,0,0
1709097010119,996,GET User,200,OK,Workload Config 1-2,text,true,,1308,280,2,2,https://thinking-tester-contact-list.herokuapp.com/users/login,996,0,745
1709097010242,1027,GET User,200,OK,Workload Config 1-1,text,true,,1308,280,2,2,https://thinking-tester-contact-list.herokuapp.com/users/login,1027,0,768
1709097011115,250,POST User,200,OK,Workload Config 1-2,text,true,,1308,280,2,2,https://thinking-tester-contact-list.herokuapp.com/users/login,250,0,0
1709097011269,258,POST User,200,OK,Workload Config 1-1,text,true,,1308,280,2,2,https://thinking-tester-contact-list.herokuapp.com/users/login,258,0,0
1709097011366,1007,GET User,200,OK,Workload Config 1-2,text,true,,1308,280,2,2,https://thinking-tester-contact-list.herokuapp.com/users/login,1007,0,754
1709097011528,1005,GET User,200,OK,Workload Config 1-1,text,true,,1308,280,2,2,https://thinking-tester-contact-list.herokuapp.com/users/login,1005,0,755
1709097012373,254,POST User,200,OK,Workload Config 1-2,text,true,,1308,280,2,2,https://thinking-tester-contact-list.herokuapp.com/users/login,254,0,0
1709097012534,250,POST User,200,OK,Workload Config 1-1,text,true,,1308,280,2,2,https://thinking-tester-contact-list.herokuapp.com/users/login,250,0,0
1709097012628,1021,GET User,200,OK,Workload Config 1-2,text,true,,1308,280,2,2,https://thinking-tester-contact-list.herokuapp.com/users/login,1021,0,764
1709097012784,1032,GET User,200,OK,Workload Config 1-1,text,true,,1308,280,2,2,https://thinking-tester-contact-list.herokuapp.com/users/login,1032,0,772
1709097013649,256,POST User,200,OK,Workload Config 1-2,text,true,,1308,280,2,2,https://thinking-tester-contact-list.herokuapp.com/users/login,256,0,0
1709097013816,261,POST User,200,OK,Workload Config 1-1,text,true,,1308,280,2,2,https://thinking-tester-contact-list.herokuapp.com/users/login,261,0,0
1709097013905,999,GET User,200,OK,Workload Config 1-2,text,true,,1304,280,2,2,https://thinking-tester-contact-list.herokuapp.com/users/login,999,0,748
1709097014077,1043,GET User,200,OK,Workload Config 1-1,text,true,,1304,280,2,2,https://thinking-tester-contact-list.herokuapp.com/users/login,1043,0,781
1709097014904,250,POST User,200,OK,Workload Config 1-2,text,true,,1304,280,2,2,https://thinking-tester-contact-list.herokuapp.com/users/login,250,0,0
1709097015120,263,POST User,200,OK,Workload Config 1-1,text,true,,1316,280,2,2,https://thinking-tester-contact-list.herokuapp.com/users/login,263,0,0
1709097015154,1050,GET User,200,OK,Workload Config 1-2,text,true,,1316,280,2,2,https://thinking-tester-contact-list.herokuapp.com/users/login,1049,0,786
1709097015384,989,GET User,200,OK,Workload Config 1-1,text,true,,1308,280,2,2,https://thinking-tester-contact-list.herokuapp.com/users/login,989,0,741
1709097016204,262,POST User,200,OK,Workload Config 1-2,text,true,,1308,280,2,2,https://thinking-tester-contact-list.herokuapp.com/users/login,262,0,0
1709097016373,246,POST User,200,OK,Workload Config 1-1,text,true,,1308,280,2,2,https://thinking-tester-contact-list.herokuapp.com/users/login,246,0,0
1709097016466,1008,GET User,200,OK,Workload Config 1-2,text,true,,1316,280,2,2,https://thinking-tester-contact-list.herokuapp.com/users/login,1008,0,752
1709097016620,1000,GET User,200,OK,Workload Config 1-1,text,true,,1316,280,2,2,https://thinking-tester-contact-list.herokuapp.com/users/login,1000,0,750
1709097017475,256,POST User,200,OK,Workload Config 1-2,text,true,,1316,280,2,2,https://thinking-tester-contact-list.herokuapp.com/users/login,256,0,0
1709097017620,250,POST User,200,OK,Workload Config 1-1,text,true,,1316,280,2,2,https://thinking-tester-contact-list.herokuapp.com/users/login,250,0,0
1709097017731,1004,GET User,200,OK,Workload Config 1-2,text,true,,1308,280,2,2,https://thinking-tester-contact-list.herokuapp.com/users/login,1004,0,752
1709097017871,1015,GET User,200,OK,Workload Config 1-1,text,true,,1308,280,2,2,https://thinking-tester-contact-list.herokuapp.com/users/login,1015,0,760
1709097018735,253,POST User,200,OK,Workload Config 1-2,text,true,,1308,280,2,2,https://thinking-tester-contact-list.herokuapp.com/users/login,253,0,0
1709097018886,257,POST User,200,OK,Workload Config 1-1,text,true,,1308,280,2,2,https://thinking-tester-contact-list.herokuapp.com/users/login,257,0,0
1709097018989,1007,GET User,200,OK,Workload Config 1-2,text,true,,1316,280,2,2,https://thinking-tester-contact-list.herokuapp.com/users/login,1007,0,755
1709097019143,1003,GET User,200,OK,Workload Config 1-1,text,true,,1316,280,2,2,https://thinking-tester-contact-list.herokuapp.com/users/login,1003,0,752
1709097019996,253,POST User,200,OK,Workload Config 1-2,text,true,,1312,280,2,2,https://thinking-tester-contact-list.herokuapp.com/users/login,252,0,0
1709097020146,250,POST User,200,OK,Workload Config 1-1,text,true,,1312,280,2,2,https://thinking-tester-contact-list.herokuapp.com/users/login,250,0,0
1709097020249,1028,GET User,200,OK,Workload Config 1-2,text,true,,1308,280,2,2,https://thinking-tester-contact-list.herokuapp.com/users/login,1028,0,769
1709097020397,998,GET User,200,OK,Workload Config 1-1,text,true,,1308,280,2,2,https://thinking-tester-contact-list.herokuapp.com/users/login,998,0,748
1709097021277,258,POST User,200,OK,Workload Config 1-2,text,true,,1308,280,2,2,https://thinking-tester-contact-list.herokuapp.com/users/login,258,0,0
1709097021395,250,POST User,200,OK,Workload Config 1-1,text,true,,1308,280,2,2,https://thinking-tester-contact-list.herokuapp.com/users/login,250,0,0
1709097021536,1032,GET User,200,OK,Workload Config 1-2,text,true,,1304,280,2,2,https://thinking-tester-contact-list.herokuapp.com/users/login,1032,0,772
1709097021645,1008,GET User,200,OK,Workload Config 1-1,text,true,,1304,280,2,2,https://thinking-tester-contact-list.herokuapp.com/users/login,1008,0,754
1709097022568,259,POST User,200,OK,Workload Config 1-2,text,true,,1304,280,2,2,https://thinking-tester-contact-list.herokuapp.com/users/login,259,0,0
1709097022653,253,POST User,200,OK,Workload Config 1-1,text,true,,1304,280,2,2,https://thinking-tester-contact-list.herokuapp.com/users/login,252,0,0
1709097022828,1016,GET User,200,OK,Workload Config 1-2,text,true,,1316,280,2,2,https://thinking-tester-contact-list.herokuapp.com/users/login,1016,0,761
1709097022906,1013,GET User,200,OK,Workload Config 1-1,text,true,,1316,280,2,2,https://thinking-tester-contact-list.herokuapp.com/users/login,1013,0,758
1709097023845,254,POST User,200,OK,Workload Config 1-2,text,true,,1316,280,2,2,https://thinking-tester-contact-list.herokuapp.com/users/login,254,0,0
1709097023919,258,POST User,200,OK,Workload Config 1-1,text,true,,1316,280,2,2,https://thinking-tester-contact-list.herokuapp.com/users/login,257,0,0
1709097024099,1028,GET User,200,OK,Workload Config 1-2,text,true,,1304,280,2,2,https://thinking-tester-contact-list.herokuapp.com/users/login,1028,0,770
1709097024177,1004,GET User,200,OK,Workload Config 1-1,text,true,,1304,280,2,2,https://thinking-tester-contact-list.herokuapp.com/users/login,1004,0,752
1709097025127,259,POST User,200,OK,Workload Config 1-2,text,true,,1308,280,2,2,https://thinking-tester-contact-list.herokuapp.com/users/login,259,0,0
1709097025181,251,POST User,200,OK,Workload Config 1-1,text,true,,1308,280,2,2,https://thinking-tester-contact-list.herokuapp.com/users/login,251,0,0
1709097025387,996,GET User,200,OK,Workload Config 1-2,text,true,,1312,280,2,2,https://thinking-tester-contact-list.herokuapp.com/users/login,996,0,746
1709097025433,1026,GET User,200,OK,Workload Config 1-1,text,true,,1312,280,2,2,https://thinking-tester-contact-list.herokuapp.com/users/login,1026,0,767
1709097026383,249,POST User,200,OK,Workload Config 1-2,text,true,,1312,280,2,2,https://thinking-tester-contact-list.herokuapp.com/users/login,249,0,0
1709097026459,258,POST User,200,OK,Workload Config 1-1,text,true,,1312,280,2,2,https://thinking-tester-contact-list.herokuapp.com/users/login,258,0,0
1709097026632,1003,GET User,200,OK,Workload Config 1-2,text,true,,1308,280,2,2,https://thinking-tester-contact-list.herokuapp.com/users/login,1003,0,750
1709097026718,1015,GET User,200,OK,Workload Config 1-1,text,true,,1308,280,2,2,https://thinking-tester-contact-list.herokuapp.com/users/login,1015,0,758
1709097027635,252,POST User,200,OK,Workload Config 1-2,text,true,,1308,280,2,2,https://thinking-tester-contact-list.herokuapp.com/users/login,252,0,0
1709097027734,254,POST User,200,OK,Workload Config 1-1,text,true,,1308,280,2,2,https://thinking-tester-contact-list.herokuapp.com/users/login,254,0,0
1709097027888,1010,GET User,200,OK,Workload Config 1-2,text,true,,1308,280,2,2,https://thinking-tester-contact-list.herokuapp.com/users/login,1010,0,756
1709097027989,1031,GET User,200,OK,Workload Config 1-1,text,true,,1308,280,2,2,https://thinking-tester-contact-list.herokuapp.com/users/login,1031,0,773
1709097028898,255,POST User,200,OK,Workload Config 1-2,text,true,,1308,280,2,2,https://thinking-tester-contact-list.herokuapp.com/users/login,255,0,0
1709097029021,258,POST User,200,OK,Workload Config 1-1,text,true,,1308,280,2,2,https://thinking-tester-contact-list.herokuapp.com/users/login,258,0,0
1709097029153,1004,GET User,200,OK,Workload Config 1-2,text,true,,1308,280,2,2,https://thinking-tester-contact-list.herokuapp.com/users/login,1004,0,751
1709097029280,1002,GET User,200,OK,Workload Config 1-1,text,true,,1312,280,2,2,https://thinking-tester-contact-list.herokuapp.com/users/login,1002,0,750
1709097030157,252,POST User,200,OK,Workload Config 1-2,text,true,,1312,280,2,2,https://thinking-tester-contact-list.herokuapp.com/users/login,252,0,0
1709097030282,250,POST User,200,OK,Workload Config 1-1,text,true,,1312,280,2,2,https://thinking-tester-contact-list.herokuapp.com/users/login,250,0,0
1709097030409,1003,GET User,200,OK,Workload Config 1-2,text,true,,1308,280,2,2,https://thinking-tester-contact-list.herokuapp.com/users/login,1003,0,757
1709097030533,1000,GET User,200,OK,Workload Config 1-1,text,true,,1308,280,2,2,https://thinking-tester-contact-list.herokuapp.com/users/login,1000,0,748
1709097031412,245,POST User,200,OK,Workload Config 1-2,text,true,,1308,280,2,2,https://thinking-tester-contact-list.herokuapp.com/users/login,245,0,0
1709097031533,253,POST User,200,OK,Workload Config 1-1,text,true,,1308,280,2,2,https://thinking-tester-contact-list.herokuapp.com/users/login,253,0,0
1709097031657,961,GET User,200,OK,Workload Config 1-2,text,true,,1304,280,2,2,https://thinking-tester-contact-list.herokuapp.com/users/login,961,0,719
1709097031786,985,GET User,200,OK,Workload Config 1-1,text,true,,1304,280,2,2,https://thinking-tester-contact-list.herokuapp.com/users/login,985,0,737
1709097032618,244,POST User,200,OK,Workload Config 1-2,text,true,,1304,280,2,2,https://thinking-tester-contact-list.herokuapp.com/users/login,244,0,0
1709097032771,247,POST User,200,OK,Workload Config 1-1,text,true,,1304,280,2,2,https://thinking-tester-contact-list.herokuapp.com/users/login,247,0,0
1709097032863,1009,GET User,200,OK,Workload Config 1-2,text,true,,1308,280,2,2,https://thinking-tester-contact-list.herokuapp.com/users/login,1009,0,756
1709097033018,994,GET User,200,OK,Workload Config 1-1,text,true,,1308,280,2,2,https://thinking-tester-contact-list.herokuapp.com/users/login,994,0,744
1709097033873,252,POST User,200,OK,Workload Config 1-2,text,true,,1308,280,2,2,https://thinking-tester-contact-list.herokuapp.com/users/login,252,0,0
1709097034012,250,POST User,200,OK,Workload Config 1-1,text,true,,1312,280,2,2,https://thinking-tester-contact-list.herokuapp.com/users/login,250,0,0
1709097034126,979,GET User,200,OK,Workload Config 1-2,text,true,,1312,280,2,2,https://thinking-tester-contact-list.herokuapp.com/users/login,979,0,734
1709097034262,966,GET User,200,OK,Workload Config 1-1,text,true,,1312,280,2,2,https://thinking-tester-contact-list.herokuapp.com/users/login,966,0,725
1709097035105,243,POST User,200,OK,Workload Config 1-2,text,true,,1304,280,2,2,https://thinking-tester-contact-list.herokuapp.com/users/login,243,0,0
1709097035228,241,POST User,200,OK,Workload Config 1-1,text,true,,1304,280,2,2,https://thinking-tester-contact-list.herokuapp.com/users/login,241,0,0
1709097035348,1000,GET User,200,OK,Workload Config 1-2,text,true,,1312,280,2,2,https://thinking-tester-contact-list.herokuapp.com/users/login,999,0,749
1709097035470,963,GET User,200,OK,Workload Config 1-1,text,true,,1312,280,2,2,https://thinking-tester-contact-list.herokuapp.com/users/login,963,0,721
1709097036348,249,POST User,200,OK,Workload Config 1-2,text,true,,1312,280,2,2,https://thinking-tester-contact-list.herokuapp.com/users/login,249,0,0
1709097036434,241,POST User,200,OK,Workload Config 1-1,text,true,,1312,280,2,2,https://thinking-tester-contact-list.herokuapp.com/users/login,241,0,0
1709097036598,1007,GET User,200,OK,Workload Config 1-2,text,true,,1320,280,2,2,https://thinking-tester-contact-list.herokuapp.com/users/login,1007,0,754
1709097036676,996,GET User,200,OK,Workload Config 1-1,text,true,,1320,280,2,2,https://thinking-tester-contact-list.herokuapp.com/users/login,996,0,746
1709097037605,254,POST User,200,OK,Workload Config 1-2,text,true,,1320,280,2,2,https://thinking-tester-contact-list.herokuapp.com/users/login,254,0,0
1709097037672,248,POST User,200,OK,Workload Config 1-1,text,true,,1320,280,2,2,https://thinking-tester-contact-list.herokuapp.com/users/login,248,0,0
1709097037860,956,GET User,200,OK,Workload Config 1-2,text,true,,1312,280,2,2,https://thinking-tester-contact-list.herokuapp.com/users/login,956,0,717
1709097037921,973,GET User,200,OK,Workload Config 1-1,text,true,,1312,280,2,2,https://thinking-tester-contact-list.herokuapp.com/users/login,973,0,729
1709097038817,240,POST User,200,OK,Workload Config 1-2,text,true,,1312,280,2,2,https://thinking-tester-contact-list.herokuapp.com/users/login,240,0,0
1709097038894,249,POST User,200,OK,Workload Config 1-1,text,true,,1312,280,2,2,https://thinking-tester-contact-list.herokuapp.com/users/login,249,0,0
1709097039058,983,GET User,200,OK,Workload Config 1-2,text,true,,1316,280,2,2,https://thinking-tester-contact-list.herokuapp.com/users/login,983,0,738
1709097039144,944,GET User,200,OK,Workload Config 1-1,text,true,,1316,280,2,2,https://thinking-tester-contact-list.herokuapp.com/users/login,944,0,709
1709097040041,246,POST User,200,OK,Workload Config 1-2,text,true,,1312,280,2,2,https://thinking-tester-contact-list.herokuapp.com/users/login,246,0,0
1709097040088,236,POST User,200,OK,Workload Config 1-1,text,true,,1312,280,2,2,https://thinking-tester-contact-list.herokuapp.com/users/login,236,0,0
1709097040288,984,GET User,200,OK,Workload Config 1-2,text,true,,1324,280,2,2,https://thinking-tester-contact-list.herokuapp.com/users/login,984,0,739
1709097040324,987,GET User,200,OK,Workload Config 1-1,text,true,,1324,280,2,2,https://thinking-tester-contact-list.herokuapp.com/users/login,987,0,739
1709097041273,245,POST User,200,OK,Workload Config 1-2,text,true,,1324,280,2,2,https://thinking-tester-contact-list.herokuapp.com/users/login,245,0,0
1709097041311,248,POST User,200,OK,Workload Config 1-1,text,true,,1324,280,2,2,https://thinking-tester-contact-list.herokuapp.com/users/login,248,0,0
1709097041519,984,GET User,200,OK,Workload Config 1-2,text,true,,1304,280,2,2,https://thinking-tester-contact-list.herokuapp.com/users/login,984,0,738
1709097041559,991,GET User,200,OK,Workload Config 1-1,text,true,,1304,280,2,2,https://thinking-tester-contact-list.herokuapp.com/users/login,991,0,742
1709097042503,245,POST User,200,OK,Workload Config 1-2,text,true,,1304,280,2,2,https://thinking-tester-contact-list.herokuapp.com/users/login,245,0,0
1709097042550,248,POST User,200,OK,Workload Config 1-1,text,true,,1304,280,2,2,https://thinking-tester-contact-list.herokuapp.com/users/login,248,0,0
1709097042748,988,GET User,200,OK,Workload Config 1-2,text,true,,1312,280,2,2,https://thinking-tester-contact-list.herokuapp.com/users/login,988,0,740
1709097042798,987,GET User,200,OK,Workload Config 1-1,text,true,,1312,280,2,2,https://thinking-tester-contact-list.herokuapp.com/users/login,987,0,740
1709097043736,248,POST User,200,OK,Workload Config 1-2,text,true,,1312,280,2,2,https://thinking-tester-contact-list.herokuapp.com/users/login,248,0,0
1709097043785,247,POST User,200,OK,Workload Config 1-1,text,true,,1312,280,2,2,https://thinking-tester-contact-list.herokuapp.com/users/login,247,0,0
1709097043985,997,GET User,200,OK,Workload Config 1-2,text,true,,1308,280,2,2,https://thinking-tester-contact-list.herokuapp.com/users/login,997,0,748
1709097044032,960,GET User,200,OK,Workload Config 1-1,text,true,,1308,280,2,2,https://thinking-tester-contact-list.herokuapp.com/users/login,960,0,717
1709097044982,250,POST User,200,OK,Workload Config 1-2,text,true,,1308,280,2,2,https://thinking-tester-contact-list.herokuapp.com/users/login,250,0,0
1709097044992,242,POST User,200,OK,Workload Config 1-1,text,true,,1308,280,2,2,https://thinking-tester-contact-list.herokuapp.com/users/login,242,0,0
1709097045234,944,GET User,200,OK,Workload Config 1-1,text,true,,1316,280,2,2,https://thinking-tester-contact-list.herokuapp.com/users/login,944,0,707
1709097045233,992,GET User,200,OK,Workload Config 1-2,text,true,,1316,280,2,2,https://thinking-tester-contact-list.herokuapp.com/users/login,992,0,744
1709097046178,236,POST User,200,OK,Workload Config 1-1,text,true,,1324,280,2,2,https://thinking-tester-contact-list.herokuapp.com/users/login,236,0,0
1709097046225,248,POST User,200,OK,Workload Config 1-2,text,true,,1324,280,2,2,https://thinking-tester-contact-list.herokuapp.com/users/login,248,0,0
1709097046414,975,GET User,200,OK,Workload Config 1-1,text,true,,1312,280,2,2,https://thinking-tester-contact-list.herokuapp.com/users/login,975,0,730
1709097046474,993,GET User,200,OK,Workload Config 1-2,text,true,,1312,280,2,2,https://thinking-tester-contact-list.herokuapp.com/users/login,993,0,744
1709097047389,247,POST User,200,OK,Workload Config 1-1,text,true,,1312,280,2,2,https://thinking-tester-contact-list.herokuapp.com/users/login,247,0,0
1709097047467,249,POST User,200,OK,Workload Config 1-2,text,true,,1312,280,2,2,https://thinking-tester-contact-list.herokuapp.com/users/login,249,0,0
1709097047637,989,GET User,200,OK,Workload Config 1-1,text,true,,1304,280,2,2,https://thinking-tester-contact-list.herokuapp.com/users/login,989,0,740
1709097047716,980,GET User,200,OK,Workload Config 1-2,text,true,,1304,280,2,2,https://thinking-tester-contact-list.herokuapp.com/users/login,980,0,735
1709097048625,250,POST User,200,OK,Workload Config 1-1,text,true,,1304,280,2,2,https://thinking-tester-contact-list.herokuapp.com/users/login,250,0,0
1709097048696,245,POST User,200,OK,Workload Config 1-2,text,true,,1304,280,2,2,https://thinking-tester-contact-list.herokuapp.com/users/login,245,0,0
1709097048878,990,GET User,200,OK,Workload Config 1-1,text,true,,1304,280,2,2,https://thinking-tester-contact-list.herokuapp.com/users/login,990,0,740
1709097048941,1006,GET User,200,OK,Workload Config 1-2,text,true,,1304,280,2,2,https://thinking-tester-contact-list.herokuapp.com/users/login,1006,0,752
1709097049868,249,POST User,200,OK,Workload Config 1-1,text,true,,1304,280,2,2,https://thinking-tester-contact-list.herokuapp.com/users/login,249,0,0
1709097049947,253,POST User,200,OK,Workload Config 1-2,text,true,,1304,280,2,2,https://thinking-tester-contact-list.herokuapp.com/users/login,253,0,0
1709097050118,976,GET User,200,OK,Workload Config 1-1,text,true,,1312,280,2,2,https://thinking-tester-contact-list.herokuapp.com/users/login,976,0,729
1709097050201,964,GET User,200,OK,Workload Config 1-2,text,true,,1312,280,2,2,https://thinking-tester-contact-list.herokuapp.com/users/login,964,0,721
1709097051094,244,POST User,200,OK,Workload Config 1-1,text,true,,1308,280,2,2,https://thinking-tester-contact-list.herokuapp.com/users/login,244,0,0
1709097051165,240,POST User,200,OK,Workload Config 1-2,text,true,,1308,280,2,2,https://thinking-tester-contact-list.herokuapp.com/users/login,240,0,0
1709097051342,999,GET User,200,OK,Workload Config 1-1,text,true,,1308,280,2,2,https://thinking-tester-contact-list.herokuapp.com/users/login,999,0,748
1709097051405,995,GET User,200,OK,Workload Config 1-2,text,true,,1308,280,2,2,https://thinking-tester-contact-list.herokuapp.com/users/login,995,0,743
1709097052341,251,POST User,200,OK,Workload Config 1-1,text,true,,1308,280,2,2,https://thinking-tester-contact-list.herokuapp.com/users/login,251,0,0
1709097052400,250,POST User,200,OK,Workload Config 1-2,text,true,,1308,280,2,2,https://thinking-tester-contact-list.herokuapp.com/users/login,250,0,0
1709097052592,938,GET User,200,OK,Workload Config 1-1,text,true,,1308,280,2,2,https://thinking-tester-contact-list.herokuapp.com/users/login,938,0,702
1709097052651,1006,GET User,200,OK,Workload Config 1-2,text,true,,1308,280,2,2,https://thinking-tester-contact-list.herokuapp.com/users/login,1006,0,751
1709097053531,236,POST User,200,OK,Workload Config 1-1,text,true,,1308,280,2,2,https://thinking-tester-contact-list.herokuapp.com/users/login,236,0,0
1709097053658,254,POST User,200,OK,Workload Config 1-2,text,true,,1308,280,2,2,https://thinking-tester-contact-list.herokuapp.com/users/login,254,0,0
1709097053768,940,GET User,200,OK,Workload Config 1-1,text,true,,1312,280,2,2,https://thinking-tester-contact-list.herokuapp.com/users/login,940,0,704
1709097053912,970,GET User,200,OK,Workload Config 1-2,text,true,,1312,280,2,2,https://thinking-tester-contact-list.herokuapp.com/users/login,970,0,726
1709097054708,237,POST User,200,OK,Workload Config 1-1,text,true,,1312,280,2,2,https://thinking-tester-contact-list.herokuapp.com/users/login,237,0,0
1709097054883,243,POST User,200,OK,Workload Config 1-2,text,true,,1312,280,2,2,https://thinking-tester-contact-list.herokuapp.com/users/login,243,0,0
1709097054945,1000,GET User,200,OK,Workload Config 1-1,text,true,,1308,280,2,2,https://thinking-tester-contact-list.herokuapp.com/users/login,1000,0,748
1709097055127,991,GET User,200,OK,Workload Config 1-2,text,true,,1308,280,2,2,https://thinking-tester-contact-list.herokuapp.com/users/login,991,0,742
1709097055945,252,POST User,200,OK,Workload Config 1-1,text,true,,1308,280,2,2,https://thinking-tester-contact-list.herokuapp.com/users/login,252,0,0
1709097056118,247,POST User,200,OK,Workload Config 1-2,text,true,,1308,280,2,2,https://thinking-tester-contact-list.herokuapp.com/users/login,247,0,0
1709097056198,993,GET User,200,OK,Workload Config 1-1,text,true,,1308,280,2,2,https://thinking-tester-contact-list.herokuapp.com/users/login,993,0,744
1709097056365,995,GET User,200,OK,Workload Config 1-2,text,true,,1308,280,2,2,https://thinking-tester-contact-list.herokuapp.com/users/login,995,0,745
1709097057191,248,POST User,200,OK,Workload Config 1-1,text,true,,1308,280,2,2,https://thinking-tester-contact-list.herokuapp.com/users/login,248,0,0
1709097057360,251,POST User,200,OK,Workload Config 1-2,text,true,,1308,280,2,2,https://thinking-tester-contact-list.herokuapp.com/users/login,251,0,0
1709097057439,983,GET User,200,OK,Workload Config 1-1,text,true,,1316,280,2,2,https://thinking-tester-contact-list.herokuapp.com/users/login,983,0,717
1709097057612,972,GET User,200,OK,Workload Config 1-2,text,true,,1316,280,2,2,https://thinking-tester-contact-list.herokuapp.com/users/login,972,0,729
1709097058422,241,POST User,200,OK,Workload Config 1-1,text,true,,1316,280,2,2,https://thinking-tester-contact-list.herokuapp.com/users/login,241,0,0
1709097058584,243,POST User,200,OK,Workload Config 1-2,text,true,,1316,280,2,2,https://thinking-tester-contact-list.herokuapp.com/users/login,243,0,0
1709097058663,966,GET User,200,OK,Workload Config 1-1,text,true,,1304,280,2,2,https://thinking-tester-contact-list.herokuapp.com/users/login,966,0,722
1709097058827,993,GET User,200,OK,Workload Config 1-2,text,true,,1304,280,2,2,https://thinking-tester-contact-list.herokuapp.com/users/login,993,0,744
1709097059630,242,POST User,200,OK,Workload Config 1-1,text,true,,1304,280,2,2,https://thinking-tester-contact-list.herokuapp.com/users/login,242,0,0
1709097059821,248,POST User,200,OK,Workload Config 1-2,text,true,,1304,280,2,2,https://thinking-tester-contact-list.herokuapp.com/users/login,248,0,0
1709097059872,989,GET User,200,OK,Workload Config 1-1,text,true,,1304,280,1,1,https://thinking-tester-contact-list.herokuapp.com/users/login,989,0,740
